,,,,,,,,,,,,,,,,,,,,,,,,,,,,,,,,,,,,,,,,,,,,,,,,,,,,,,,,,,,,,,,,,,,,,,,,,,,,,,,,,,,,,,,,,,,,,,,,,,,,,,,,,,,,,,,,,,,,,,,,,,,,,,,,,,,,,,,,,,,,,,,,,,,,,,,,,,,,,,,,,,,,,,,
"State
(including D.C. and Territories)",2020,,,,,,,,,,,,,,,,,2019,,,,,,,,,,,,,,,2018,,,,,,,,,,,,,,,2017,,,,,,,,,,,,,,,2016,,,,,,,,,,,,,,,2015,,,,,,,,,,,,,,,2014,,,,,,,,,,,,,,,2013,,,,,,,,,,,,,,,2012,,,,,,,,,,,,,,,2011,,,,,,,,,,,,,,,,,,,,,,,,,,,,,
,Cumulative 2020 Filings,7 Ratio,11 Ratio,13 Ratio,Total 7s,Total 11s,Total 13s,% Increase (or decrease) Current Month over Prior Month,Rank Based on Greatest % Increase Current Month over Prior Month,% Increase (or decrease) Year to Date 2020 over Year to Date 2019,Rank Based on Greatest % Increase Year to Date 2020 over Year to Date 2019,"Filings Per Capita
Based on Estimated July 1, 2009 Census
(1000s)
",Rank Based on Greatest Per Capita Filings,"Total Population: July 1, 2009 (Estimated U.S. Census Bureau)","Increase (or decrease) in Per Capita Filings 2020 over 2019
(1000s)",Rank Based on Greatest Annual Per Capita Increase,,Cumulative 2019 Filings,7 Ratio,13 Ratio,Total 7s,Total 13s,% Increase (or decrease) Current Month over Prior Month,Rank Based on Greatest % Increase Current Month over Prior Month,% Increase (or decrease) Year to Date 2019 over Year to Date 2018,Rank Based on Greatest % Increase Year to Date 2019 over Year to Date 2018,"Filings Per Capita
Based on Estimated July 1, 2009 Census
(1000s)
",Rank Based on Greatest Per Capita Filings,"Total Population: July 1, 2009 (Estimated U.S. Census Bureau)","Increase (or decrease) in Per Capita Filings 2019 over 2018
(1000s)",Rank Based on Greatest Annual Per Capita Increase,,Cumulative 2018 Filings,7 Ratio,13 Ratio,Total 7s,Total 13s,% Increase (or decrease) Current Month over Prior Month,Rank Based on Greatest % Increase Current Month over Prior Month,% Increase (or decrease) Year to Date 2018 over Year to Date 2017,Rank Based on Greatest % Increase Year to Date 2018 over Year to Date 2017,"Filings Per Capita
Based on Estimated July 1, 2009 Census
(1000s)
",Rank Based on Greatest Per Capita Filings,"Total Population: July 1, 2009 (Estimated U.S. Census Bureau)","Increase (or decrease) in Per Capita Filings 2018 over 2017
(1000s)",Rank Based on Greatest Annual Per Capita Increase,,Cumulative 2017 Filings,7 Ratio,13 Ratio,Total 7s,Total 13s,% Increase (or decrease) Current Month over Prior Month,Rank Based on Greatest % Increase Current Month over Prior Month,% Increase (or decrease) Year to Date 2017 over Year to Date 2016,Rank Based on Greatest % Increase Year to Date 2017 over Year to Date 2016,"Filings Per Capita
Based on Estimated July 1, 2009 Census
(1000s)
",Rank Based on Greatest Per Capita Filings,"Total Population: July 1, 2009 (Estimated U.S. Census Bureau)","Increase (or decrease) in Per Capita Filings 2017 over 2016
(1000s)",Rank Based on Greatest Annual Per Capita Increase,,Cumulative 2016 Filings,7 Ratio,13 Ratio,Total 7s,Total 13s,% Increase (or decrease) Current Month over Prior Month,Rank Based on Greatest % Increase Current Month over Prior Month,% Increase (or decrease) Year to Date 2016 over Year to Date 2015,Rank Based on Greatest % Increase Year to Date 2016 over Year to Date 2015,"Filings Per Capita
Based on Estimated July 1, 2009 Census
(1000s)
",Rank Based on Greatest Per Capita Filings,"Total Population: July 1, 2009 (Estimated U.S. Census Bureau)","Increase (or decrease) in Per Capita Filings 2016 over 2015
(1000s)",Rank Based on Greatest Annual Per Capita Increase,,Cumulative 2015 Filings,7 Ratio,13 Ratio,Total 7s,Total 13s,% Increase (or decrease) Current Month over Prior Month,Rank Based on Greatest % Increase Current Month over Prior Month,% Increase (or decrease) Year to Date 2015 over Year to Date 2014,Rank Based on Greatest % Increase Year to Date 2015 over Year to Date 2014,"Filings Per Capita
Based on Estimated July 1, 2009 Census
(1000s)
",Rank Based on Greatest Per Capita Filings,"Total Population: July 1, 2009 (Estimated U.S. Census Bureau)","Increase (or decrease) in Per Capita Filings 2015 over 2014
(1000s)",Rank Based on Greatest Annual Per Capita Increase,,Cumulative 2014 Filings,7 Ratio,13 Ratio,Total 7s,Total 13s,% Increase (or decrease) Current Month over Prior Month,Rank Based on Greatest % Increase Current Month over Prior Month,% Increase (or decrease) Year to Date 2014 over Year to Date 2013,Rank Based on Greatest % Increase Year to Date 2014 over Year to Date 2013,"Filings Per Capita
Based on Estimated July 1, 2009 Census
(1000s)
",Rank Based on Greatest Per Capita Filings,"Total Population: July 1, 2009 (Estimated U.S. Census Bureau)","Increase (or decrease) in Per Capita Filings 2014 over 2013
(1000s)",Rank Based on Greatest Annual Per Capita Increase,,Cumulative 2013 Filings,7 Ratio,13 Ratio,Total 7s,Total 13s,% Increase (or decrease) Current Month over Prior Month,Rank Based on Greatest % Increase Current Month over Prior Month,% Increase (or decrease) Year to Date 2014 over Year to Date 2013,Rank Based on Greatest % Increase Year to Date 2014 over Year to Date 2013,"Filings Per Capita
Based on Estimated July 1, 2009 Census
(1000s)
",Rank Based on Greatest Per Capita Filings,"Total Population: July 1, 2009 (Estimated U.S. Census Bureau)","Increase (or decrease) in Per Capita Filings 2014 over 2013
(1000s)",Rank Based on Greatest Annual Per Capita Increase,,Cumulative 2012 Filings,7 Ratio,13 Ratio,Total 7s,Total 13s,% Increase (or decrease) Current Month over Prior Month,Rank Based on Greatest % Increase Current Month over Prior Month,% Increase (or decrease) Year to Date 2012 over Year to Date 2011,Rank Based on Greatest % Increase Year to Date 2012 over Year to Date 2011,"Filings Per Capita
Based on Estimated July 1, 2009 Census
(1000s)
",Rank Based on Greatest Per Capita Filings,"Total Population: July 1, 2009 (Estimated U.S. Census Bureau)","Increase (or decrease) in Per Capita Filings 2012 over 2011
(1000s)",Rank Based on Greatest Annual Per Capita Increase,,Cumulative 2011 Filings,7 Ratio,13 Ratio,Total 7s,Total 13s,% Increase (or decrease) Current Month over Prior Month,Rank Based on Greatest % Increase Current Month over Prior Month,% Increase (or decrease) Year to Date 2011 over Year to Date 2010,Rank Based on Greatest % Increase Year to Date 2011 over Year to Date 2010,"Filings Per Capita
Based on Estimated July 1, 2009 Census
(1000s)
",Rank Based on Greatest Per Capita Filings,"Total Population: July 1, 2009 (Estimated U.S. Census Bureau)","Increase (or decrease) in Per Capita Filings 2011 over 2010
(1000s)",Rank Based on Greatest Annual Per Capita Increase,,,,,,,,,,,,,,,,
Alabama," 15,699 ",43%,0.41%,57%," 6,746 ", 65 ," 8,880 ",-12%,5,-41%,35,4.00,1," 4,708,708 ",-1.62,50,," 26,486 ",35%,65%," 9,178 "," 17,241 ",16%,13,0%,27,5.62,1," 4,708,708 ",0.00,29,," 26,498 ",35%,65%," 9,307 "," 17,126 ",19%,22,-1%,31,5.63,1," 4,708,708 ",-0.04,32,," 26,669 ",36%,64%," 9,528 "," 17,068 ",10%,19,5%,8,5.66,1," 4,708,708 ",0.18,2,," 25,833 ",36%,64%," 9,229 "," 16,555 ",-7%,35,2%,7,5.49,2," 4,708,708 ",0.12,5,," 25,256 ",36%,64%," 8,998 "," 16,162 ",-1%,38,1%,1,5.36,2," 4,708,708 ",0.08,1,," 24,859 ",37%,63%," 9,081 "," 15,697 ",5%,31,-7%,11,5.28,2," 4,708,708 ",-0.37,33,," 26,604 ",37%,62%," 9,875 "," 16,619 ",2%,42,-2%,1,5.65,3," 4,708,708 ",-0.19,7,," 27,515 ",37%,62%," 10,281 "," 17,121 ",16%,23,-8%,7,5.84,4," 4,708,708 ",-0.53,33,," 29,997 ",39%,61%," 11,623 "," 18,196 ",-4%,43,0%,1,6.37,5," 4,708,708 ",6.37,5,,,,,,,,,,,,,,,,
Alaska, 259 ,85%,2%,14%, 220 , 4 , 35 ,-24%,47,-35%,20,0.44,51," 698,473 ",-0.13,4,, 400 ,77%,21%, 307 , 85 ,0%,44,-10%,47,0.57,51," 698,473 ",-0.06,36,, 441 ,79%,21%, 348 , 92 ,29%,8,2%,18,0.63,51," 698,473 ",-0.01,25,, 450 ,79%,18%, 357 , 82 ,38%,5,10%,4,0.64,51," 698,473 ",0.06,12,, 406 ,81%,17%, 330 , 69 ,32%,2,-10%,40,0.58,51," 698,473 ",-0.05,17,, 441 ,80%,16%, 354 , 69 ,50%,1,-4%,3,0.63,51," 698,473 ",-0.01,2,, 448 ,83%,17%, 371 , 75 ,19%,4,-23%,50,0.64,51," 698,473 ",-0.18,10,, 575 ,80%,17%, 459 , 99 ,10%,30,-22%,47,0.82,51," 698,473 ",-0.23,12,, 739 ,82%,17%, 604 , 129 ,19%,14,-22%,49,1.06,51," 698,473 ",-0.36,12,, 990 ,84%,16%, 830 , 155 ,26%,2,0%,2,1.42,51," 698,473 ",1.42,51,,,,,,,,,,,,,,,,
Arizona," 11,155 ",84%,0.81%,15%," 9,418 ", 90 ," 1,644 ",-4%,36,-31%,9,2.03,19," 6,595,778 ",-0.43,19,," 16,247 ",80%,19%," 13,044 "," 3,074 ",11%,30,4%,7,2.46,21," 6,595,778 ",0.08,7,," 15,748 ",80%,19%," 12,668 "," 2,962 ",18%,25,3%,12,2.39,22," 6,595,778 ",0.07,10,," 15,299 ",81%,18%," 12,329 "," 2,825 ",11%,14,3%,12,2.32,24," 6,595,778 ",0.10,9,," 14,670 ",82%,17%," 11,985 "," 2,533 ",5%,8,-10%,41,2.22,27," 6,595,778 ",-0.25,42,," 16,327 ",84%,14%," 13,721 "," 2,357 ",-1%,37,-15%,43,2.48,24," 6,595,778 ",-0.40,44,," 18,952 ",86%,13%," 16,299 "," 2,382 ",4%,35,-14%,35,2.87,25," 6,595,778 ",-0.49,38,," 22,154 ",86%,13%," 19,066 "," 2,810 ",7%,36,-21%,46,3.36,24," 6,595,778 ",-0.86,48,," 27,842 ",85%,14%," 23,578 "," 3,822 ",18%,21,-22%,47,4.22,17," 6,595,778 ",-1.16,49,," 35,517 ",84%,15%," 29,757 "," 5,276 ",2%,24,0%,3,5.38,11," 6,595,778 ",5.38,11,,,,,,,,,,,,,,,,
Arkansas," 6,373 ",55%,0.41%,45%," 3,498 ", 26 ," 2,839 ",-5%,37,-39%,28,2.65,10," 2,889,450 ",-0.95,43,," 10,407 ",47%,52%," 4,909 "," 5,459 ",11%,32,-1%,31,3.60,7," 2,889,450 ",0.00,27,," 10,409 ",48%,52%," 4,996 "," 5,371 ",29%,7,3%,13,3.60,6," 2,889,450 ",0.08,7,," 10,177 ",48%,52%," 4,854 "," 5,286 ",8%,26,3%,13,3.52,9," 2,889,450 ",0.06,15,," 10,017 ",46%,54%," 4,616 "," 5,363 ",-7%,37,1%,10,3.47,8," 2,889,450 ",0.04,10,," 9,909 ",46%,54%," 4,548 "," 5,317 ",14%,6,-9%,20,3.43,9," 2,889,450 ",-0.25,30,," 10,632 ",47%,53%," 4,995 "," 5,588 ",14%,6,-6%,5,3.68,9," 2,889,450 ",-0.21,13,," 11,227 ",48%,51%," 5,437 "," 5,723 ",22%,7,-7%,14,3.89,15," 2,889,450 ",-0.35,28,," 12,230 ",51%,49%," 6,238 "," 5,935 ",16%,28,-13%,24,4.23,16," 2,889,450 ",-0.58,35,," 13,911 ",53%,47%," 7,318 "," 6,507 ",-9%,48,0%,4,4.81,16," 2,889,450 ",4.81,16,,,,,,,,,,,,,,,,
California," 43,008 ",83%,1%,16%," 35,799 ", 441 ," 6,754 ",-3%,33,-36%,21,1.40,29," 36,961,664 ",-0.42,17,," 67,152 ",76%,23%," 51,003 "," 15,541 ",13%,20,1%,19,1.82,30," 36,961,664 ",0.03,19,," 66,196 ",75%,24%," 49,486 "," 16,088 ",15%,31,-3%,36,1.79,32," 36,961,664 ",-0.05,34,," 68,132 ",73%,26%," 49,640 "," 17,866 ",1%,43,-5%,46,1.84,30," 36,961,664 ",-0.10,45,," 71,961 ",72%,27%," 51,592 "," 19,736 ",0%,20,-11%,43,1.95,30," 36,961,664 ",-0.23,40,," 80,392 ",74%,25%," 59,232 "," 20,442 ",7%,16,-20%,50,2.18,30," 36,961,664 ",-0.52,47,," 99,724 ",77%,22%," 76,920 "," 21,931 ",6%,25,-24%,51,2.70,27," 36,961,664 ",-0.82,50,," 129,951 ",78%,21%," 101,486 "," 27,336 ",12%,27,-28%,51,3.52,21," 36,961,664 ",-1.37,50,," 180,640 ",75%,24%," 134,993 "," 44,146 ",18%,17,-22%,48,4.89,9," 36,961,664 ",-1.46,50,," 234,641 ",73%,26%," 171,642 "," 60,944 ",-1%,29,0%,5,6.35,6," 36,961,664 ",6.35,6,,,,,,,,,,,,,,,,
Colorado," 7,164 ",79%,0.95%,20%," 5,683 ", 68 ," 1,407 ",1%,23,-35%,18,1.71,24," 5,024,748 ",-0.49,24,," 11,037 ",77%,22%," 8,491 "," 2,473 ",11%,29,-1%,32,2.20,27," 5,024,748 ",-0.03,30,," 11,169 ",78%,22%," 8,675 "," 2,426 ",21%,20,-6%,47,2.22,25," 5,024,748 ",-0.12,42,," 11,765 ",78%,21%," 9,179 "," 2,511 ",5%,32,-6%,50,2.34,22," 5,024,748 ",-0.15,49,," 12,540 ",79%,21%," 9,886 "," 2,579 ",-4%,28,-12%,47,2.50,20," 5,024,748 ",-0.31,48,," 14,104 ",81%,18%," 11,418 "," 2,603 ",0%,36,-18%,46,2.81,20," 5,024,748 ",-0.60,49,," 17,138 ",84%,16%," 14,374 "," 2,695 ",9%,17,-19%,45,3.41,17," 5,024,748 ",-0.80,49,," 21,144 ",84%,15%," 17,857 "," 3,181 ",12%,25,-19%,44,4.21,8," 5,024,748 ",-0.99,49,," 26,121 ",83%,17%," 21,555 "," 4,415 ",17%,22,-12%,22,5.20,8," 5,024,748 ",-0.78,46,," 30,041 ",83%,17%," 24,867 "," 5,036 ",6%,14,0%,6,5.98,7," 5,024,748 ",5.98,7,,,,,,,,,,,,,,,,
Connecticut," 3,504 ",87%,0.23%,13%," 3,056 ", 8 , 440 ,8%,12,-41%,38,1.20,36," 3,518,288 ",-0.51,27,," 5,986 ",80%,19%," 4,781 "," 1,162 ",1%,42,2%,17,1.70,33," 3,518,288 ",0.02,23,," 5,923 ",81%,19%," 4,779 "," 1,096 ",17%,26,8%,4,1.68,34," 3,518,288 ",0.12,4,," 5,498 ",79%,20%," 4,351 "," 1,104 ",1%,42,-5%,47,1.56,37," 3,518,288 ",-0.07,43,," 5,753 ",79%,20%," 4,557 "," 1,132 ",0%,18,-7%,35,1.64,35," 3,518,288 ",-0.12,28,," 6,163 ",81%,18%," 4,967 "," 1,105 ",-10%,46,-10%,31,1.75,32," 3,518,288 ",-0.20,21,," 6,863 ",83%,16%," 5,669 "," 1,084 ",5%,29,-4%,2,1.95,32," 3,518,288 ",-0.05,1,," 7,050 ",85%,14%," 5,978 ", 978 ,18%,16,-13%,33,2.00,36," 3,518,288 ",-0.32,26,," 8,191 ",86%,12%," 7,050 "," 1,001 ",3%,48,-14%,31,2.33,35," 3,518,288 ",-0.37,14,," 9,485 ",89%,10%," 8,424 ", 924 ,-8%,47,0%,7,2.70,35," 3,518,288 ",2.70,35,,,,,,,,,,,,,,,,
Delaware," 2,735 ",33%,50%,14%, 906 ," 1,367 ", 378 ,-24%,48,-2%,1,3.71,2," 885,122 ",0.57,1,," 2,780 ",47%,31%," 1,304 ", 861 ,-20%,51,-5%,43,3.14,12," 885,122 ",-0.14,47,," 2,907 ",47%,32%," 1,376 ", 922 ,36%,3,5%,6,3.28,11," 885,122 ",-0.15,47,," 3,044 ",48%,30%," 1,465 ", 898 ,28%,6,-3%,43,3.44,10," 885,122 ",0.17,5,," 2,893 ",51%,27%," 1,472 ", 772 ,21%,4,8%,4,3.27,10," 885,122 ",0.24,1,," 2,678 ",56%,25%," 1,510 ", 680 ,6%,18,-9%,17,3.03,16," 885,122 ",-0.20,23,," 2,858 ",59%,26%," 1,673 ", 743 ,7%,20,-14%,34,3.23,19," 885,122 ",-0.58,46,," 3,370 ",54%,21%," 1,814 ", 711 ,-19%,51,-4%,7,3.81,17," 885,122 ",-0.33,27,," 3,666 ",59%,23%," 2,150 ", 844 ,3%,49,-14%,33,4.14,18," 885,122 ",-0.56,34,," 4,164 ",59%,27%," 2,476 "," 1,136 ",16%,4,0%,8,4.70,19," 885,122 ",4.70,19,,,,,,,,,,,,,,,,
District of Columbia, 443 ,78%,4%,18%, 345 , 19 , 79 ,-26%,49,-48%,46,0.89,46," 599,657 ",-0.54,31,, 858 ,61%,34%, 522 , 294 ,16%,11,2%,16,1.43,40," 599,657 ",0.07,8,, 816 ,64%,33%, 523 , 271 ,8%,40,17%,1,1.36,42," 599,657 ",0.14,2,, 732 ,65%,31%, 479 , 225 ,-8%,48,6%,5,1.22,46," 599,657 ",0.10,8,, 670 ,75%,22%, 500 , 148 ,38%,1,1%,8,1.12,47," 599,657 ",-0.02,14,, 681 ,77%,20%, 527 , 134 ,-2%,40,-11%,33,1.14,48," 599,657 ",-0.13,11,, 759 ,80%,16%, 604 , 118 ,-17%,50,-8%,15,1.27,48," 599,657 ",-0.06,2,, 795 ,83%,13%, 658 , 106 ,-11%,49,-4%,6,1.33,49," 599,657 ",-0.10,2,, 857 ,84%,13%, 718 , 111 ,16%,29,-10%,18,1.43,50," 599,657 ",-0.17,3,, 961 ,81%,16%, 774 , 155 ,-16%,50,0%,9,1.60,50," 599,657 ",1.60,50,,,,,,,,,,,,,,,,
Florida," 31,258 ",73%,1%,25%," 22,943 ", 428 ," 7,867 ",5%,16,-31%,8,2.02,20," 18,537,969 ",-0.43,18,," 45,529 ",67%,32%," 30,317 "," 14,633 ",23%,7,8%,2,2.46,22," 18,537,969 ",0.17,2,," 42,463 ",66%,33%," 27,872 "," 14,088 ",15%,33,2%,21,2.29,24," 18,537,969 ",0.07,9,," 41,137 ",65%,34%," 26,569 "," 14,116 ",38%,4,-5%,49,2.22,26," 18,537,969 ",-0.15,48,," 43,867 ",62%,37%," 27,292 "," 16,066 ",-4%,27,-20%,51,2.37,23," 18,537,969 ",-0.56,51,," 54,279 ",63%,36%," 34,094 "," 19,618 ",3%,27,-19%,48,2.93,18," 18,537,969 ",-0.66,50,," 66,478 ",65%,34%," 43,028 "," 22,777 ",4%,32,-10%,24,3.59,12," 18,537,969 ",-0.41,35,," 74,151 ",69%,30%," 51,127 "," 22,247 ",9%,31,-7%,12,4.00,12," 18,537,969 ",-0.30,22,," 79,762 ",72%,27%," 57,662 "," 21,278 ",18%,18,-14%,30,4.30,13," 18,537,969 ",-0.70,40,," 92,690 ",75%,24%," 69,143 "," 22,550 ",0%,27,0%,10,5.00,12," 18,537,969 ",5.00,12,,,,,,,,,,,,,,,,
Georgia," 23,782 ",49%,0.53%,50%," 11,684 ", 125 ," 11,952 ",6%,15,-45%,42,2.90,6," 9,829,211 ",-1.48,49,," 43,050 ",42%,57%," 18,179 "," 24,622 ",4%,40,-4%,38,4.38,3," 9,829,211 ",-0.19,50,," 44,925 ",42%,57%," 19,013 "," 25,699 ",7%,44,-3%,35,4.57,3," 9,829,211 ",-0.09,38,," 45,787 ",43%,56%," 19,813 "," 25,780 ",11%,13,-1%,37,4.66,3," 9,829,211 ",-0.09,44,," 46,693 ",43%,57%," 19,891 "," 26,608 ",3%,13,-6%,30,4.75,3," 9,829,211 ",-0.27,44,," 49,348 ",43%,57%," 21,219 "," 27,922 ",10%,7,-4%,5,5.02,3," 9,829,211 ",-0.22,25,," 51,528 ",45%,55%," 22,970 "," 28,333 ",16%,5,-9%,20,5.24,3," 9,829,211 ",-0.51,42,," 56,497 ",47%,52%," 26,766 "," 29,391 ",2%,43,-10%,20,5.75,2," 9,829,211 ",-0.68,46,," 63,219 ",48%,51%," 30,406 "," 32,424 ",15%,32,-13%,26,6.43,3," 9,829,211 ",-0.92,48,," 72,249 ",48%,51%," 34,938 "," 36,838 ",4%,19,0%,11,7.35,3," 9,829,211 ",7.35,3,,,,,,,,,,,,,,,,
Hawaii," 1,274 ",74%,0.39%,25%, 948 , 5 , 319 ,0%,24,-24%,3,1.18,37," 1,295,178 ",-0.11,3,," 1,667 ",68%,31%," 1,136 ", 517 ,15%,15,12%,1,1.29,45," 1,295,178 ",0.14,3,," 1,490 ",67%,32%," 1,005 ", 482 ,-5%,49,9%,3,1.15,48," 1,295,178 ",0.10,5,," 1,356 ",67%,32%, 914 , 430 ,14%,9,-1%,36,1.05,49," 1,295,178 ",-0.02,35,," 1,386 ",66%,33%, 913 , 460 ,13%,5,-12%,45,1.07,48," 1,295,178 ",-0.14,32,," 1,569 ",69%,30%," 1,076 ", 477 ,8%,10,-9%,22,1.21,47," 1,295,178 ",-0.10,7,," 1,703 ",70%,29%," 1,197 ", 496 ,-12%,48,-18%,44,1.31,47," 1,295,178 ",-0.28,23,," 2,071 ",74%,25%," 1,531 ", 518 ,8%,34,-17%,40,1.60,45," 1,295,178 ",-0.35,29,," 2,530 ",76%,24%," 1,912 ", 603 ,44%,1,-25%,50,1.95,44," 1,295,178 ",-0.62,36,," 3,328 ",77%,22%," 2,562 ", 740 ,12%,7,0%,12,2.57,39," 1,295,178 ",2.57,39,,,,,,,,,,,,,,,,
Idaho," 2,344 ",90%,0.77%,9%," 2,105 ", 18 , 213 ,-2%,32,-34%,17,1.82,22," 1,545,801 ",-0.47,23,," 3,545 ",89%,10%," 3,172 ", 351 ,-4%,47,-2%,35,2.29,24," 1,545,801 ",-0.07,37,," 3,655 ",89%,11%," 3,245 ", 387 ,26%,11,1%,22,2.36,23," 1,545,801 ",-0.01,22,," 3,674 ",88%,11%," 3,251 ", 403 ,-7%,47,-5%,45,2.38,21," 1,545,801 ",-0.05,38,," 3,746 ",89%,11%," 3,316 ", 413 ,-7%,36,-2%,17,2.42,21," 1,545,801 ",-0.05,16,," 3,821 ",89%,10%," 3,418 ", 385 ,8%,11,-17%,45,2.47,25," 1,545,801 ",-0.52,46,," 4,625 ",89%,10%," 4,138 ", 465 ,-1%,44,-14%,36,2.99,24," 1,545,801 ",-0.53,45,," 5,452 ",91%,9%," 4,956 ", 467 ,7%,35,-14%,35,3.53,20," 1,545,801 ",-0.48,40,," 6,198 ",89%,11%," 5,503 ", 654 ,12%,34,-17%,41,4.01,22," 1,545,801 ",-0.87,47,," 7,537 ",88%,11%," 6,622 ", 847 ,3%,21,0%,13,4.88,15," 1,545,801 ",4.88,15,,,,,,,,,,,,,,,,
Illinois," 26,518 ",72%,0.39%,28%," 19,064 ", 104 ," 7,339 ",0%,26,-45%,43,2.46,11," 12,910,409 ",-1.24,48,," 47,861 ",62%,37%," 29,860 "," 17,844 ",13%,22,0%,24,3.71,5," 12,910,409 ",0.05,12,," 47,277 ",58%,42%," 27,350 "," 19,772 ",23%,17,-5%,46,3.66,5," 12,910,409 ",-0.24,50,," 50,402 ",58%,42%," 29,058 "," 21,180 ",10%,20,-5%,44,3.90,6," 12,910,409 ",-0.18,50,," 52,679 ",58%,42%," 30,575 "," 21,951 ",4%,9,-6%,29,4.08,5," 12,910,409 ",-0.26,43,," 56,016 ",59%,40%," 33,308 "," 22,362 ",7%,17,-8%,13,4.34,4," 12,910,409 ",-0.32,36,," 60,190 ",63%,36%," 38,205 "," 21,732 ",13%,7,-7%,8,4.66,5," 12,910,409 ",-0.33,27,," 64,499 ",67%,32%," 43,229 "," 20,936 ",16%,18,-4%,5,5.00,6," 12,910,409 ",-0.24,16,," 67,658 ",70%,29%," 47,506 "," 19,787 ",16%,27,-5%,2,5.24,7," 12,910,409 ",-0.31,8,," 71,701 ",74%,26%," 52,977 "," 18,342 ",4%,18,0%,14,5.55,10," 12,910,409 ",5.55,10,,,,,,,,,,,,,,,,
Indiana," 14,598 ",71%,0.17%,28%," 10,413 ", 25 ," 4,149 ",-1%,29,-36%,24,2.73,8," 6,423,113 ",-0.81,42,," 22,751 ",63%,36%," 14,416 "," 8,277 ",14%,17,1%,23,3.54,8," 6,423,113 ",0.03,16,," 22,536 ",65%,35%," 14,620 "," 7,832 ",19%,23,-1%,27,3.51,7," 6,423,113 ",-0.01,26,," 22,626 ",66%,33%," 15,027 "," 7,530 ",6%,29,-3%,39,3.52,8," 6,423,113 ",-0.14,47,," 23,515 ",68%,31%," 16,052 "," 7,395 ",-8%,39,-9%,37,3.66,7," 6,423,113 ",-0.32,49,," 25,587 ",70%,29%," 17,998 "," 7,514 ",-3%,42,-9%,21,3.98,6," 6,423,113 ",-0.40,43,," 28,141 ",72%,28%," 20,166 "," 7,884 ",4%,33,-13%,32,4.38,6," 6,423,113 ",-0.62,47,," 32,130 ",72%,28%," 23,028 "," 8,989 ",12%,26,-8%,15,5.00,5," 6,423,113 ",-0.45,37,," 35,012 ",72%,28%," 25,202 "," 9,688 ",19%,15,-8%,8,5.45,6," 6,423,113 ",-0.49,28,," 38,141 ",74%,26%," 28,156 "," 9,863 ",-3%,37,0%,15,5.94,8," 6,423,113 ",5.94,8,,,,,,,,,,,,,,,,
Iowa," 3,255 ",89%,0.22%,10%," 2,881 ", 7 , 335 ,-6%,39,-32%,12,1.30,31," 3,007,856 ",-0.30,11,," 4,802 ",87%,12%," 4,161 ", 599 ,14%,18,5%,5,1.60,35," 3,007,856 ",0.09,6,," 4,532 ",88%,11%," 3,980 ", 518 ,16%,30,8%,5,1.51,38," 3,007,856 ",0.10,6,," 4,241 ",88%,11%," 3,733 ", 469 ,-12%,51,3%,14,1.41,40," 3,007,856 ",0.03,20,," 4,160 ",88%,11%," 3,667 ", 473 ,0%,21,-7%,34,1.38,40," 3,007,856 ",-0.08,25,," 4,405 ",89%,10%," 3,931 ", 454 ,4%,25,-12%,36,1.46,41," 3,007,856 ",-0.18,17,," 4,932 ",91%,9%," 4,466 ", 445 ,-1%,42,-12%,29,1.64,39," 3,007,856 ",-0.21,15,," 5,568 ",91%,9%," 5,073 ", 481 ,19%,15,-11%,28,1.85,39," 3,007,856 ",-0.23,11,," 6,251 ",90%,9%," 5,656 ", 565 ,28%,9,-18%,45,2.08,42," 3,007,856 ",-0.51,29,," 7,789 ",91%,9%," 7,059 ", 696 ,0%,28,0%,16,2.59,38," 3,007,856 ",2.59,38,,,,,,,,,,,,,,,,
Kansas," 3,767 ",60%,0.58%,39%," 2,257 ", 22 ," 1,461 ",14%,4,-44%,45,1.60,27," 2,818,747 ",-0.79,40,," 6,749 ",54%,45%," 3,654 "," 3,005 ",28%,3,0%,26,2.39,23," 2,818,747 ",0.00,26,," 6,749 ",54%,45%," 3,663 "," 3,024 ",25%,15,4%,9,2.39,21," 2,818,747 ",0.06,11,," 6,585 ",56%,43%," 3,665 "," 2,858 ",6%,30,0%,27,2.34,23," 2,818,747 ",-0.01,28,," 6,612 ",57%,41%," 3,745 "," 2,742 ",-6%,34,-4%,22,2.35,25," 2,818,747 ",-0.03,15,," 6,705 ",57%,42%," 3,831 "," 2,844 ",0%,32,-10%,26,2.38,26," 2,818,747 ",-0.24,29,," 7,377 ",59%,41%," 4,341 "," 2,998 ",8%,19,-12%,28,2.62,28," 2,818,747 ",-0.35,30,," 8,365 ",62%,38%," 5,155 "," 3,157 ",6%,40,-6%,10,2.97,28," 2,818,747 ",-0.20,8,," 8,915 ",64%,35%," 5,717 "," 3,137 ",12%,35,-10%,17,3.16,29," 2,818,747 ",-0.35,11,," 9,903 ",68%,31%," 6,729 "," 3,089 ",-4%,40,0%,17,3.51,31," 2,818,747 ",3.51,31,,,,,,,,,,,,,,,,
Kentucky," 9,560 ",68%,0.40%,32%," 6,460 ", 38 ," 3,057 ",3%,20,-36%,22,2.66,9," 4,314,113 ",-0.79,39,," 14,882 ",64%,36%," 9,506 "," 5,304 ",7%,37,4%,8,3.45,9," 4,314,113 ",0.12,4,," 14,356 ",64%,35%," 9,259 "," 5,062 ",11%,37,-6%,48,3.33,10," 4,314,113 ",-0.20,49,," 15,227 ",68%,32%," 10,281 "," 4,909 ",3%,37,6%,7,3.53,7," 4,314,113 ",0.17,4,," 14,491 ",67%,33%," 9,679 "," 4,778 ",-14%,45,-3%,19,3.36,9," 4,314,113 ",-0.08,27,," 14,856 ",68%,31%," 10,169 "," 4,615 ",-4%,43,-10%,30,3.44,8," 4,314,113 ",-0.34,37,," 16,342 ",72%,27%," 11,806 "," 4,483 ",9%,15,-9%,18,3.79,8," 4,314,113 ",-0.36,32,," 17,877 ",72%,28%," 12,862 "," 4,932 ",29%,3,-7%,13,4.14,9," 4,314,113 ",-0.32,25,," 19,253 ",72%,27%," 13,908 "," 5,261 ",15%,31,-9%,15,4.46,11," 4,314,113 ",-0.52,32,," 21,508 ",74%,26%," 15,917 "," 5,518 ",2%,25,0%,18,4.99,14," 4,314,113 ",4.99,14,,,,,,,,,,,,,,,,
Louisiana," 6,325 ",38%,0.79%,61%," 2,433 ", 50 ," 3,834 ",-17%,46,-50%,51,1.69,26," 4,492,076 ",-1.14,46,," 12,715 ",30%,69%," 3,834 "," 8,780 ",10%,34,-3%,37,2.83,17," 4,492,076 ",-0.09,40,," 13,108 ",29%,70%," 3,817 "," 9,188 ",7%,43,-1%,29,2.92,15," 4,492,076 ",-0.03,31,," 13,251 ",30%,69%," 3,940 "," 9,173 ",8%,25,1%,18,2.95,18," 4,492,076 ",0.02,23,," 13,143 ",28%,71%," 3,690 "," 9,341 ",-6%,32,-3%,20,2.93,17," 4,492,076 ",-0.08,24,," 13,494 ",28%,71%," 3,782 "," 9,608 ",8%,9,-8%,14,3.00,17," 4,492,076 ",-0.23,28,," 14,544 ",28%,71%," 4,122 "," 10,295 ",-1%,43,-5%,3,3.24,18," 4,492,076 ",-0.18,9,," 15,351 ",32%,68%," 4,866 "," 10,397 ",20%,12,-3%,2,3.42,22," 4,492,076 ",-0.12,4,," 15,896 ",34%,65%," 5,453 "," 10,345 ",26%,10,-7%,5,3.54,26," 4,492,076 ",-0.24,7,," 16,979 ",34%,65%," 5,805 "," 11,059 ",-4%,41,0%,19,3.78,27," 4,492,076 ",3.78,27,,,,,,,,,,,,,,,,
Maine, 875 ,82%,2%,15%, 721 , 16 , 135 ,-8%,43,-34%,15,0.80,48," 1,318,301 ",-0.21,6,," 1,327 ",83%,17%," 1,095 ", 219 ,-13%,50,-10%,49,1.01,49," 1,318,301 ",-0.09,39,," 1,441 ",83%,15%," 1,203 ", 217 ,28%,9,4%,10,1.09,49," 1,318,301 ",0.01,17,," 1,422 ",83%,17%," 1,176 ", 235 ,3%,36,-5%,48,1.08,48," 1,318,301 ",-0.05,39,," 1,487 ",83%,16%," 1,227 ", 244 ,-16%,49,-19%,50,1.13,46," 1,318,301 ",-0.24,41,," 1,803 ",83%,16%," 1,495 ", 290 ,-4%,45,-10%,29,1.37,42," 1,318,301 ",-0.16,16,," 2,013 ",82%,17%," 1,647 ", 349 ,6%,27,-15%,38,1.53,42," 1,318,301 ",-0.24,18,," 2,333 ",83%,16%," 1,931 ", 380 ,-5%,46,-22%,48,1.77,42," 1,318,301 ",-0.49,41,," 2,974 ",85%,14%," 2,535 ", 409 ,37%,4,-14%,34,2.26,37," 1,318,301 ",-0.42,20,," 3,525 ",85%,14%," 2,998 ", 497 ,-2%,32,0%,20,2.67,36," 1,318,301 ",2.67,36,,,,,,,,,,,,,,,,
Maryland," 9,755 ",75%,0.65%,25%," 7,275 ", 63 ," 2,415 ",-3%,34,-43%,41,2.05,17," 5,699,478 ",-0.96,44,," 17,203 ",63%,37%," 10,805 "," 6,302 ",13%,23,1%,21,3.02,13," 5,699,478 ",0.03,15,," 17,005 ",66%,34%," 11,166 "," 5,721 ",8%,42,-1%,26,2.98,13," 5,699,478 ",-0.07,36,," 17,404 ",67%,32%," 11,702 "," 5,579 ",14%,8,1%,20,3.05,13," 5,699,478 ",0.06,11,," 17,039 ",66%,33%," 11,287 "," 5,624 ",-12%,42,-5%,24,2.99,14," 5,699,478 ",-0.15,33,," 17,895 ",69%,30%," 12,379 "," 5,347 ",5%,21,-10%,32,3.14,14," 5,699,478 ",-0.32,35,," 19,724 ",72%,27%," 14,294 "," 5,275 ",11%,11,-9%,19,3.46,15," 5,699,478 ",-0.35,28,," 21,691 ",77%,23%," 16,597 "," 4,928 ",7%,37,-6%,11,3.81,18," 5,699,478 ",-0.25,17,," 23,088 ",80%,19%," 18,490 "," 4,426 ",11%,36,-9%,11,4.05,21," 5,699,478 ",-0.38,15,," 25,241 ",79%,20%," 20,058 "," 4,998 ",11%,8,0%,21,4.43,24," 5,699,478 ",4.43,24,,,,,,,,,,,,,,,,
Massachusetts," 3,749 ",75%,1%,24%," 2,803 ", 43 , 898 ,-15%,45,-50%,50,0.68,49," 6,593,587 ",-0.45,21,," 7,455 ",64%,35%," 4,767 "," 2,608 ",19%,8,-10%,48,1.13,47," 6,593,587 ",-0.14,46,," 8,359 ",61%,38%," 5,065 "," 3,211 ",30%,6,2%,20,1.27,45," 6,593,587 ",0.02,16,," 8,250 ",64%,35%," 5,287 "," 2,875 ",11%,15,0%,31,1.25,45," 6,593,587 ",0.00,27,," 8,270 ",67%,32%," 5,538 "," 2,613 ",-2%,26,-5%,26,1.25,45," 6,593,587 ",-0.08,23,," 8,784 ",73%,26%," 6,420 "," 2,267 ",16%,5,-14%,41,1.33,44," 6,593,587 ",-0.19,20,," 10,034 ",78%,21%," 7,816 "," 2,109 ",6%,21,-18%,43,1.52,43," 6,593,587 ",-0.32,25,," 12,114 ",78%,21%," 9,486 "," 2,489 ",0%,45,-27%,50,1.84,41," 6,593,587 ",-0.65,45,," 16,374 ",74%,25%," 12,130 "," 4,031 ",7%,42,-15%,36,2.48,33," 6,593,587 ",-0.52,31,," 19,780 ",74%,24%," 14,699 "," 4,826 ",-4%,42,0%,22,3.00,33," 6,593,587 ",3.00,33,,,,,,,,,,,,,,,,
Michigan," 18,091 ",80%,0.40%,20%," 14,421 ", 73 ," 3,584 ",3%,21,-38%,29,2.18,13," 9,969,727 ",-0.77,36,," 29,391 ",75%,25%," 22,005 "," 7,237 ",15%,16,4%,11,2.95,14," 9,969,727 ",0.10,5,," 28,381 ",76%,24%," 21,568 "," 6,729 ",25%,13,-4%,41,2.85,18," 9,969,727 ",-0.11,41,," 29,508 ",77%,23%," 22,706 "," 6,724 ",10%,18,0%,25,2.96,17," 9,969,727 ",0.01,26,," 29,415 ",77%,22%," 22,719 "," 6,568 ",2%,14,-7%,36,2.95,16," 9,969,727 ",-0.23,39,," 31,688 ",78%,22%," 24,723 "," 6,843 ",3%,28,-9%,24,3.18,13," 9,969,727 ",-0.29,34,," 34,590 ",80%,19%," 27,783 "," 6,651 ",13%,8,-16%,41,3.47,14," 9,969,727 ",-0.64,48,," 40,936 ",82%,17%," 33,748 "," 6,973 ",15%,20,-15%,37,4.11,10," 9,969,727 ",-0.76,47,," 48,504 ",83%,17%," 40,022 "," 8,229 ",21%,12,-14%,29,4.87,10," 9,969,727 ",-0.78,43,," 56,252 ",83%,16%," 46,941 "," 9,103 ",7%,10,0%,23,5.64,9," 9,969,727 ",5.64,9,,,,,,,,,,,,,,,,
Minnesota," 6,322 ",81%,0.33%,18%," 5,102 ", 21 ," 1,164 ",8%,11,-35%,19,1.44,28," 5,266,214 ",-0.42,15,," 9,794 ",77%,22%," 7,550 "," 2,171 ",33%,1,0%,25,1.86,29," 5,266,214 ",0.01,25,," 9,758 ",80%,20%," 7,801 "," 1,910 ",17%,27,2%,16,1.85,30," 5,266,214 ",0.03,14,," 9,607 ",82%,17%," 7,859 "," 1,679 ",3%,38,2%,16,1.82,31," 5,266,214 ",0.03,21,," 9,466 ",84%,16%," 7,914 "," 1,513 ",1%,17,-11%,44,1.80,32," 5,266,214 ",-0.20,38,," 10,501 ",84%,15%," 8,868 "," 1,578 ",0%,31,-13%,39,1.99,31," 5,266,214 ",-0.29,33,," 12,032 ",85%,15%," 10,173 "," 1,820 ",10%,13,-16%,40,2.28,31," 5,266,214 ",-0.43,36,," 14,285 ",83%,16%," 11,879 "," 2,326 ",13%,24,-14%,36,2.71,31," 5,266,214 ",-0.48,39,," 16,809 ",83%,17%," 13,895 "," 2,854 ",16%,25,-11%,20,3.19,28," 5,266,214 ",-0.45,25,," 19,190 ",85%,15%," 16,230 "," 2,863 ",-2%,31,0%,24,3.64,28," 5,266,214 ",3.64,28,,,,,,,,,,,,,,,,
Mississippi," 7,403 ",57%,0.62%,42%," 4,206 ", 46 ," 3,143 ",4%,17,-40%,32,3.01,4," 2,951,996 ",-1.19,47,," 12,385 ",47%,53%," 5,807 "," 6,540 ",12%,25,-2%,34,4.20,4," 2,951,996 ",-0.06,35,," 12,556 ",46%,53%," 5,835 "," 6,671 ",25%,14,3%,14,4.25,4," 2,951,996 ",0.14,3,," 12,157 ",46%,53%," 5,619 "," 6,489 ",8%,24,11%,3,4.12,4," 2,951,996 ",0.40,1,," 10,974 ",47%,52%," 5,168 "," 5,740 ",-4%,30,2%,6,3.72,6," 2,951,996 ",0.08,6,," 10,741 ",48%,52%," 5,116 "," 5,578 ",1%,30,-3%,2,3.64,7," 2,951,996 ",-0.04,3,," 10,853 ",46%,53%," 5,006 "," 5,786 ",4%,34,-7%,12,3.68,10," 2,951,996 ",-0.28,22,," 11,685 ",49%,50%," 5,775 "," 5,855 ",24%,5,-3%,3,3.96,13," 2,951,996 ",-0.18,6,," 12,210 ",51%,49%," 6,185 "," 5,951 ",24%,11,-9%,10,4.14,19," 2,951,996 ",-0.40,18,," 13,396 ",54%,45%," 7,253 "," 6,068 ",-2%,33,0%,25,4.54,22," 2,951,996 ",4.54,22,,,,,,,,,,,,,,,,
Missouri," 10,707 ",68%,0.69%,31%," 7,300 ", 74 ," 3,320 ",12%,6,-36%,26,2.15,15," 5,987,580 ",-0.67,33,," 16,857 ",62%,38%," 10,447 "," 6,329 ",12%,26,-1%,29,2.82,18," 5,987,580 ",-0.03,31,," 17,040 ",64%,35%," 10,984 "," 6,016 ",13%,34,-4%,43,2.85,19," 5,987,580 ",-0.14,46,," 17,873 ",65%,34%," 11,636 "," 6,149 ",12%,12,0%,32,2.99,15," 5,987,580 ",-0.02,33,," 17,977 ",65%,33%," 11,685 "," 5,990 ",-5%,31,-5%,25,3.00,13," 5,987,580 ",-0.14,31,," 18,797 ",67%,32%," 12,676 "," 6,068 ",1%,29,-9%,18,3.14,15," 5,987,580 ",-0.29,32,," 20,513 ",70%,30%," 14,376 "," 6,076 ",12%,9,-12%,30,3.43,16," 5,987,580 ",-0.45,37,," 23,184 ",71%,29%," 16,404 "," 6,701 ",15%,19,-9%,17,3.87,16," 5,987,580 ",-0.38,32,," 25,467 ",72%,28%," 18,225 "," 7,051 ",6%,43,-10%,16,4.25,15," 5,987,580 ",-0.47,27,," 28,269 ",72%,27%," 20,490 "," 7,663 ",-5%,44,0%,26,4.72,18," 5,987,580 ",4.72,18,,,,,,,,,,,,,,,,
Montana, 783 ,85%,1%,12%, 666 , 11 , 96 ,28%,2,-38%,34,0.96,45," 974,989 ",-0.34,13,," 1,272 ",79%,19%," 1,007 ", 244 ,-4%,48,7%,4,1.30,44," 974,989 ",0.05,11,," 1,221 ",83%,16%," 1,014 ", 196 ,47%,2,-4%,38,1.25,46," 974,989 ",-0.01,23,," 1,233 ",83%,15%," 1,025 ", 191 ,42%,1,1%,24,1.26,44," 974,989 ",-0.02,34,," 1,251 ",83%,16%," 1,039 ", 196 ,-4%,29,4%,5,1.28,44," 974,989 ",0.05,8,," 1,205 ",85%,14%," 1,025 ", 171 ,43%,2,-18%,47,1.24,46," 974,989 ",-0.22,26,," 1,422 ",86%,13%," 1,227 ", 185 ,-6%,46,-13%,33,1.46,44," 974,989 ",-0.26,19,," 1,671 ",84%,15%," 1,409 ", 246 ,6%,39,-18%,43,1.71,43," 974,989 ",-0.32,23,," 1,981 ",82%,17%," 1,626 ", 333 ,9%,37,-16%,38,2.03,43," 974,989 ",-0.42,19,," 2,387 ",82%,16%," 1,965 ", 390 ,-18%,51,0%,27,2.45,44," 974,989 ",2.45,44,,,,,,,,,,,,,,,,
Nebraska," 2,751 ",74%,0.22%,24%," 2,047 ", 6 , 668 ,-1%,27,-32%,11,1.84,21," 1,796,619 ",-0.40,14,," 4,022 ",70%,28%," 2,806 "," 1,136 ",16%,12,2%,14,2.24,26," 1,796,619 ",0.04,14,," 3,955 ",68%,31%," 2,699 "," 1,207 ",15%,32,2%,17,2.20,27," 1,796,619 ",0.04,12,," 3,879 ",67%,32%," 2,588 "," 1,252 ",2%,40,0%,28,2.16,27," 1,796,619 ",-0.02,32,," 3,909 ",66%,33%," 2,585 "," 1,294 ",12%,7,-6%,33,2.18,28," 1,796,619 ",-0.12,29,," 4,128 ",67%,32%," 2,774 "," 1,340 ",-1%,39,-10%,28,2.30,29," 1,796,619 ",-0.20,22,," 4,491 ",68%,31%," 3,067 "," 1,405 ",1%,40,-10%,23,2.50,30," 1,796,619 ",-0.28,21,," 4,995 ",69%,30%," 3,439 "," 1,518 ",22%,8,-11%,27,2.78,29," 1,796,619 ",-0.37,31,," 5,661 ",70%,30%," 3,943 "," 1,687 ",18%,20,-13%,27,3.15,30," 1,796,619 ",-0.44,24,," 6,460 ",70%,29%," 4,550 "," 1,865 ",-3%,38,0%,28,3.60,29," 1,796,619 ",3.60,29,,,,,,,,,,,,,,,,
Nevada," 6,575 ",88%,1%,11%," 5,758 ", 77 , 740 ,4%,19,-32%,14,2.99,5," 2,643,085 ",-0.69,35,," 9,713 ",80%,19%," 7,812 "," 1,818 ",10%,33,8%,3,3.67,6," 2,643,085 ",0.23,1,," 9,096 ",81%,18%," 7,339 "," 1,655 ",10%,38,10%,2,3.44,9," 2,643,085 ",0.27,1,," 8,376 ",78%,20%," 6,557 "," 1,692 ",10%,17,-1%,35,3.17,12," 2,643,085 ",-0.02,36,," 8,441 ",78%,20%," 6,613 "," 1,693 ",-14%,47,-6%,32,3.19,11," 2,643,085 ",-0.16,36,," 8,874 ",80%,18%," 7,134 "," 1,596 ",-11%,48,-16%,44,3.36,10," 2,643,085 ",-0.67,51,," 10,653 ",83%,15%," 8,822 "," 1,650 ",6%,23,-19%,46,4.03,7," 2,643,085 ",-0.95,51,," 13,169 ",82%,16%," 10,851 "," 2,068 ",10%,29,-23%,49,4.98,7," 2,643,085 ",-1.45,51,," 17,012 ",80%,18%," 13,686 "," 2,992 ",5%,46,-28%,51,6.44,2," 2,643,085 ",-2.54,51,," 23,731 ",76%,21%," 18,151 "," 5,096 ",1%,26,0%,29,8.98,1," 2,643,085 ",8.98,1,,,,,,,,,,,,,,,,
New Hampshire, 927 ,82%,0.54%,17%, 764 , 5 , 156 ,-7%,41,-48%,47,0.84,47," 1,324,575 ",-0.50,26,," 1,774 ",70%,29%," 1,236 ", 521 ,23%,6,4%,6,1.34,43," 1,324,575 ",0.02,21,," 1,746 ",71%,28%," 1,245 ", 489 ,6%,45,-4%,44,1.32,43," 1,324,575 ",-0.06,35,," 1,823 ",73%,26%," 1,335 ", 474 ,13%,11,0%,30,1.38,42," 1,324,575 ",0.02,24,," 1,801 ",76%,23%," 1,361 ", 422 ,-13%,43,-9%,38,1.36,41," 1,324,575 ",-0.13,30,," 1,973 ",74%,25%," 1,457 ", 503 ,-18%,49,-21%,51,1.49,40," 1,324,575 ",-0.38,40,," 2,477 ",77%,21%," 1,911 ", 530 ,27%,1,-20%,47,1.87,33," 1,324,575 ",-0.49,39,," 3,124 ",75%,24%," 2,330 ", 762 ,34%,1,-21%,45,2.36,32," 1,324,575 ",-0.59,43,," 3,902 ",75%,24%," 2,932 ", 937 ,4%,47,-17%,40,2.95,32," 1,324,575 ",-0.64,39,," 4,748 ",75%,24%," 3,556 "," 1,144 ",-2%,30,0%,30,3.58,30," 1,324,575 ",3.58,30,,,,,,,,,,,,,,,,
New Jersey," 12,301 ",73%,1%,26%," 8,919 ", 169 ," 3,212 ",10%,8,-49%,49,1.70,25," 8,707,739 ",-1.07,45,," 24,089 ",61%,38%," 14,802 "," 9,044 ",16%,10,-5%,40,2.77,19," 8,707,739 ",-0.15,49,," 25,429 ",60%,39%," 15,241 "," 9,918 ",27%,10,-2%,33,2.92,14," 8,707,739 ",-0.08,37,," 26,119 ",61%,37%," 16,008 "," 9,773 ",16%,7,6%,6,3.00,14," 8,707,739 ",0.15,6,," 24,773 ",65%,34%," 16,076 "," 8,443 ",2%,15,1%,9,2.84,18," 8,707,739 ",0.05,7,," 24,313 ",70%,29%," 16,963 "," 7,131 ",10%,8,-8%,12,2.79,21," 8,707,739 ",-0.21,24,," 26,162 ",73%,26%," 19,168 "," 6,694 ",12%,10,-7%,10,3.00,23," 8,707,739 ",-0.24,17,," 28,231 ",76%,22%," 21,576 "," 6,338 ",20%,13,-8%,16,3.24,26," 8,707,739 ",-0.23,10,," 30,191 ",78%,21%," 23,403 "," 6,491 ",5%,45,-17%,44,3.47,27," 8,707,739 ",-0.78,44,," 36,973 ",79%,20%," 29,118 "," 7,544 ",4%,16,0%,31,4.25,25," 8,707,739 ",4.25,25,,,,,,,,,,,,,,,,
New Mexico," 2,111 ",89%,0.62%,11%," 1,871 ", 13 , 225 ,8%,10,-30%,5,1.26,34," 2,009,671 ",-0.23,7,," 2,997 ",85%,14%," 2,562 ", 411 ,26%,4,-8%,46,1.49,38," 2,009,671 ",-0.12,45,," 3,235 ",88%,11%," 2,859 ", 357 ,10%,39,-1%,28,1.61,37," 2,009,671 ",-0.02,27,," 3,275 ",89%,10%," 2,926 ", 313 ,14%,10,3%,15,1.63,36," 2,009,671 ",0.03,18,," 3,220 ",90%,9%," 2,891 ", 295 ,3%,12,-6%,28,1.60,36," 2,009,671 ",-0.08,22,," 3,376 ",91%,8%," 3,060 ", 279 ,7%,14,-11%,34,1.68,35," 2,009,671 ",-0.19,19,," 3,753 ",92%,7%," 3,443 ", 276 ,-2%,45,-9%,22,1.87,34," 2,009,671 ",-0.20,12,," 4,164 ",92%,8%," 3,815 ", 320 ,9%,32,-11%,26,2.07,34," 2,009,671 ",-0.26,18,," 4,696 ",91%,8%," 4,255 ", 392 ,40%,2,-16%,37,2.34,34," 2,009,671 ",-0.44,23,," 5,580 ",91%,8%," 5,068 ", 463 ,7%,9,0%,32,2.78,34," 2,009,671 ",2.78,34,,,,,,,,,,,,,,,,
New York," 17,910 ",76%,5%,19%," 13,532 ", 920 ," 3,378 ",-3%,35,-48%,48,1.10,39," 19,541,453 ",-0.68,34,," 34,685 ",65%,32%," 22,532 "," 10,958 ",3%,41,2%,15,1.77,32," 19,541,453 ",0.03,18,," 34,158 ",65%,31%," 22,340 "," 10,605 ",21%,21,5%,7,1.75,33," 19,541,453 ",0.07,8,," 32,748 ",66%,30%," 21,713 "," 9,947 ",8%,23,11%,2,1.68,35," 19,541,453 ",0.17,3,," 29,395 ",72%,25%," 21,161 "," 7,349 ",3%,10,-1%,13,1.50,38," 19,541,453 ",-0.01,12,," 29,526 ",76%,22%," 22,338 "," 6,350 ",6%,19,-7%,8,1.51,39," 19,541,453 ",-0.10,8,," 31,552 ",80%,18%," 25,201 "," 5,603 ",5%,30,-13%,31,1.61,40," 19,541,453 ",-0.23,16,," 36,032 ",82%,16%," 29,383 "," 5,868 ",20%,14,-12%,30,1.84,40," 19,541,453 ",-0.24,13,," 40,655 ",82%,15%," 33,336 "," 6,165 ",12%,33,-14%,35,2.08,41," 19,541,453 ",-0.39,16,," 48,291 ",83%,15%," 40,264 "," 7,148 ",2%,23,0%,33,2.47,42," 19,541,453 ",2.47,42,,,,,,,,,,,,,,,,
North Carolina," 7,596 ",46%,1%,53%," 3,516 ", 87 ," 3,989 ",-7%,42,-43%,40,0.97,44," 9,380,884 ",-0.45,20,," 13,303 ",39%,60%," 5,211 "," 7,967 ",16%,9,-4%,39,1.42,41," 9,380,884 ",-0.05,34,," 13,729 ",40%,59%," 5,559 "," 8,037 ",23%,16,-3%,34,1.46,39," 9,380,884 ",-0.05,33,," 14,184 ",42%,57%," 5,939 "," 8,104 ",10%,16,-3%,40,1.51,38," 9,380,884 ",-0.05,37,," 14,608 ",40%,59%," 5,847 "," 8,646 ",-9%,40,-4%,23,1.56,37," 9,380,884 ",-0.08,26,," 15,384 ",40%,59%," 6,145 "," 9,092 ",5%,20,-7%,7,1.64,36," 9,380,884 ",-0.11,10,," 16,414 ",40%,59%," 6,626 "," 9,627 ",6%,22,-11%,27,1.75,37," 9,380,884 ",-0.21,14,," 18,369 ",42%,57%," 7,678 "," 10,483 ",16%,17,-13%,31,1.96,37," 9,380,884 ",-0.29,19,," 21,069 ",43%,56%," 9,069 "," 11,738 ",20%,13,-8%,6,2.25,39," 9,380,884 ",-0.22,6,," 23,174 ",49%,50%," 11,339 "," 11,538 ",5%,15,0%,34,2.47,43," 9,380,884 ",2.47,43,,,,,,,,,,,,,,,,
North Dakota, 568 ,89%,0.35%,10%, 507 , 2 , 56 ,-27%,50,-21%,2,1.05,42," 646,844 ",-0.06,2,, 720 ,88%,12%, 632 , 84 ,0%,45,-8%,45,1.11,48," 646,844 ",-0.07,38,, 767 ,88%,10%, 677 , 80 ,5%,46,1%,23,1.19,47," 646,844 ",0.01,18,, 759 ,90%,10%, 681 , 73 ,39%,3,16%,1,1.17,47," 646,844 ",0.13,7,, 677 ,85%,13%, 574 , 89 ,32%,3,20%,1,1.05,49," 646,844 ",0.17,3,, 564 ,92%,8%, 517 , 45 ,31%,4,-19%,49,0.87,50," 646,844 ",-0.18,18,, 679 ,90%,10%, 611 , 67 ,4%,36,-16%,42,1.05,50," 646,844 ",-0.19,11,, 804 ,91%,9%, 729 , 70 ,-10%,48,-17%,41,1.24,50," 646,844 ",-0.24,15,, 958 ,89%,11%, 850 , 105 ,30%,7,-20%,46,1.48,49," 646,844 ",-0.43,21,," 1,235 ",88%,11%," 1,089 ", 140 ,14%,5,0%,35,1.91,47," 646,844 ",1.91,47,,,,,,,,,,,,,,,,
Ohio," 23,024 ",81%,0.28%,19%," 18,622 ", 65 ," 4,328 ",4%,18,-37%,27,2.39,12," 11,542,645 ",-0.79,41,," 36,795 ",75%,24%," 27,665 "," 8,973 ",13%,21,1%,22,3.19,11," 11,542,645 ",0.02,22,," 36,586 ",74%,25%," 27,236 "," 9,289 ",23%,18,0%,25,3.17,12," 11,542,645 ",-0.03,29,," 36,879 ",75%,25%," 27,701 "," 9,112 ",7%,28,2%,17,3.20,11," 11,542,645 ",0.06,13,," 36,211 ",75%,24%," 27,291 "," 8,869 ",-1%,22,-2%,15,3.14,12," 11,542,645 ",-0.07,20,," 36,980 ",76%,24%," 27,924 "," 8,963 ",7%,13,-9%,19,3.20,12," 11,542,645 ",-0.29,31,," 40,276 ",77%,23%," 30,904 "," 9,311 ",8%,18,-11%,26,3.49,13," 11,542,645 ",-0.40,34,," 44,920 ",78%,22%," 34,844 "," 9,964 ",14%,22,-9%,18,3.89,14," 11,542,645 ",-0.38,33,," 49,328 ",76%,23%," 37,645 "," 11,581 ",18%,19,-14%,32,4.27,14," 11,542,645 ",-0.71,41,," 57,560 ",76%,24%," 43,545 "," 13,855 ",4%,20,0%,36,4.99,13," 11,542,645 ",4.99,13,,,,,,,,,,,,,,,,
Oklahoma," 6,289 ",86%,0.27%,14%," 5,404 ", 17 , 859 ,-13%,44,-32%,13,2.05,18," 3,687,050 ",-0.47,22,," 9,280 ",81%,18%," 7,558 "," 1,662 ",23%,5,0%,28,2.52,20," 3,687,050 ",0.00,28,," 9,288 ",82%,18%," 7,594 "," 1,670 ",26%,12,3%,15,2.52,20," 3,687,050 ",0.02,15,," 9,205 ",82%,17%," 7,583 "," 1,597 ",6%,31,4%,11,2.50,20," 3,687,050 ",0.09,10,," 8,891 ",82%,18%," 7,290 "," 1,556 ",-7%,38,1%,11,2.41,22," 3,687,050 ",0.04,9,," 8,735 ",83%,17%," 7,225 "," 1,486 ",-3%,41,-9%,23,2.37,27," 3,687,050 ",-0.22,27,," 9,562 ",83%,17%," 7,919 "," 1,606 ",3%,37,-7%,7,2.59,29," 3,687,050 ",-0.18,8,," 10,221 ",84%,16%," 8,553 "," 1,626 ",7%,38,-11%,24,2.77,30," 3,687,050 ",-0.36,30,," 11,542 ",83%,16%," 9,620 "," 1,884 ",6%,44,-9%,12,3.13,31," 3,687,050 ",-0.32,9,," 12,714 ",82%,17%," 10,453 "," 2,197 ",2%,22,0%,37,3.45,32," 3,687,050 ",3.45,32,,,,,,,,,,,,,,,,
Oregon," 5,511 ",80%,0.27%,19%," 4,420 ", 15 ," 1,057 ",9%,9,-36%,23,1.73,23," 3,825,657 ",-0.52,28,," 8,602 ",76%,24%," 6,495 "," 2,077 ",11%,31,3%,13,2.25,25," 3,825,657 ",0.04,13,," 8,434 ",76%,23%," 6,450 "," 1,961 ",17%,29,-4%,37,2.20,26," 3,825,657 ",-0.09,39,," 8,779 ",78%,22%," 6,826 "," 1,928 ",3%,39,1%,21,2.29,25," 3,825,657 ",0.04,17,," 8,618 ",79%,21%," 6,809 "," 1,782 ",-1%,23,-17%,49,2.25,26," 3,825,657 ",-0.42,50,," 10,224 ",81%,19%," 8,286 "," 1,915 ",8%,12,-13%,38,2.67,22," 3,825,657 ",-0.39,41,," 11,717 ",82%,18%," 9,632 "," 2,056 ",10%,12,-10%,25,3.06,21," 3,825,657 ",-0.35,31,," 13,071 ",82%,18%," 10,668 "," 2,359 ",11%,28,-13%,34,3.42,23," 3,825,657 ",-0.46,38,," 14,822 ",79%,21%," 11,655 "," 3,108 ",16%,24,-12%,23,3.87,23," 3,825,657 ",-0.62,37,," 17,208 ",79%,21%," 13,571 "," 3,570 ",6%,12,0%,38,4.50,23," 3,825,657 ",4.50,23,,,,,,,,,,,,,,,,
Pennsylvania," 11,942 ",66%,0.90%,33%," 7,921 ", 107 ," 3,908 ",-6%,38,-42%,39,1.14,38," 12,604,767 ",-0.50,25,," 20,607 ",58%,41%," 11,986 "," 8,448 ",1%,43,-2%,36,1.63,34," 12,604,767 ",-0.04,33,," 21,133 ",57%,42%," 12,129 "," 8,814 ",0%,48,-1%,30,1.68,35," 12,604,767 ",-0.03,30,," 21,499 ",59%,40%," 12,651 "," 8,628 ",-2%,45,1%,19,1.71,34," 12,604,767 ",0.03,22,," 21,175 ",59%,40%," 12,434 "," 8,537 ",-14%,46,-2%,18,1.68,34," 12,604,767 ",-0.05,18,," 21,831 ",60%,39%," 13,158 "," 8,447 ",-4%,44,-8%,15,1.73,33," 12,604,767 ",-0.13,13,," 23,500 ",63%,36%," 14,719 "," 8,538 ",0%,41,-8%,16,1.86,35," 12,604,767 ",-0.17,7,," 25,657 ",64%,35%," 16,453 "," 8,925 ",1%,44,-10%,22,2.04,35," 12,604,767 ",-0.22,9,," 28,371 ",68%,31%," 19,257 "," 8,814 ",3%,50,-13%,28,2.25,38," 12,604,767 ",-0.37,13,," 32,978 ",71%,28%," 23,380 "," 9,289 ",-5%,45,0%,39,2.62,37," 12,604,767 ",2.62,37,,,,,,,,,,,,,,,,
Rhode Island," 1,171 ",85%,0.09%,15%, 994 , 1 , 176 ,34%,1,-40%,37,1.33,30," 1,053,209 ",-0.53,30,," 1,963 ",76%,24%," 1,483 ", 475 ,6%,38,-7%,44,1.86,28," 1,053,209 ",-0.11,44,," 2,084 ",74%,25%," 1,550 ", 530 ,0%,47,-4%,42,1.98,28," 1,053,209 ",-0.13,44,," 2,217 ",76%,23%," 1,690 ", 514 ,7%,27,1%,23,2.10,29," 1,053,209 ",0.01,25,," 2,204 ",75%,24%," 1,661 ", 531 ,-13%,44,-11%,42,2.09,29," 1,053,209 ",-0.27,45,," 2,493 ",81%,18%," 2,028 ", 459 ,5%,22,-13%,40,2.37,28," 1,053,209 ",-0.35,38,," 2,858 ",84%,16%," 2,406 ", 448 ,-11%,47,-15%,39,2.71,26," 1,053,209 ",-0.51,43,," 3,393 ",84%,16%," 2,852 ", 536 ,21%,11,-17%,42,3.22,27," 1,053,209 ",-0.58,42,," 4,008 ",84%,15%," 3,378 ", 601 ,8%,41,-17%,42,3.81,24," 1,053,209 ",-0.78,45,," 4,829 ",82%,18%," 3,961 ", 858 ,6%,11,0%,40,4.59,21," 1,053,209 ",4.59,21,,,,,,,,,,,,,,,,
South Carolina," 4,062 ",46%,0.54%,54%," 1,850 ", 22 ," 2,184 ",27%,3,-40%,31,1.07,41," 4,561,242 ",-0.42,16,," 6,790 ",39%,60%," 2,669 "," 4,093 ",30%,2,4%,10,1.49,39," 4,561,242 ",0.05,10,," 6,550 ",39%,60%," 2,569 "," 3,953 ",17%,28,2%,19,1.44,40," 4,561,242 ",0.01,19,," 6,509 ",39%,60%," 2,563 "," 3,915 ",5%,33,-1%,34,1.43,39," 4,561,242 ",-0.02,31,," 6,580 ",40%,60%," 2,631 "," 3,916 ",-17%,50,-6%,31,1.44,39," 4,561,242 ",-0.07,21,," 6,896 ",40%,60%," 2,751 "," 4,114 ",4%,23,-6%,6,1.51,38," 4,561,242 ",-0.09,6,," 7,329 ",41%,59%," 3,001 "," 4,294 ",23%,2,-4%,1,1.61,41," 4,561,242 ",-0.07,4,," 7,667 ",41%,58%," 3,121 "," 4,485 ",27%,4,-5%,8,1.68,44," 4,561,242 ",-0.06,1,," 7,958 ",43%,56%," 3,446 "," 4,442 ",9%,40,0%,1,1.74,47," 4,561,242 ",-0.02,1,," 8,072 ",47%,51%," 3,826 "," 4,138 ",-3%,36,0%,41,1.77,49," 4,561,242 ",1.77,49,,,,,,,,,,,,,,,,
South Dakota, 700 ,90%,0.43%,7%, 633 , 3 , 47 ,-2%,30,-26%,4,1.03,43," 812,383 ",-0.13,5,, 945 ,85%,13%, 804 , 121 ,8%,36,-11%,50,1.16,46," 812,383 ",-0.15,48,," 1,068 ",88%,11%, 937 , 114 ,63%,1,5%,8,1.31,44," 812,383 ",0.04,13,," 1,035 ",85%,13%, 884 , 136 ,41%,2,-3%,41,1.27,43," 812,383 ",-0.05,40,," 1,077 ",89%,10%, 957 , 110 ,13%,6,-1%,12,1.33,43," 812,383 ",0.01,11,," 1,072 ",89%,10%, 952 , 109 ,0%,33,-9%,25,1.32,45," 812,383 ",-0.14,14,," 1,184 ",91%,9%," 1,072 ", 109 ,-22%,51,-8%,14,1.46,45," 812,383 ",-0.13,5,," 1,291 ",91%,9%," 1,171 ", 111 ,3%,41,-16%,39,1.59,47," 812,383 ",-0.29,20,," 1,526 ",91%,9%," 1,383 ", 140 ,37%,5,-16%,39,1.88,46," 812,383 ",-0.39,17,," 1,845 ",91%,8%," 1,670 ", 156 ,6%,13,0%,42,2.27,45," 812,383 ",2.27,45,,,,,,,,,,,,,,,,
Tennessee," 18,592 ",50%,0.47%,49%," 9,366 ", 87 ," 9,135 ",-1%,28,-44%,44,3.54,3," 6,296,254 ",-1.75,51,," 33,306 ",42%,58%," 13,884 "," 19,306 ",4%,39,-1%,33,5.29,2," 6,296,254 ",-0.09,41,," 33,888 ",41%,59%," 13,937 "," 19,846 ",12%,36,-1%,32,5.38,2," 6,296,254 ",-0.13,43,," 34,678 ",40%,59%," 13,974 "," 20,568 ",5%,34,-1%,33,5.51,2," 6,296,254 ",-0.07,42,," 35,098 ",40%,60%," 13,873 "," 21,073 ",-6%,33,-3%,21,5.57,1," 6,296,254 ",-0.16,35,," 36,079 ",40%,60%," 14,327 "," 21,623 ",0%,34,-7%,11,5.73,1," 6,296,254 ",-0.37,39,," 38,412 ",42%,58%," 15,966 "," 22,290 ",2%,39,-7%,9,6.10,1," 6,296,254 ",-0.49,40,," 41,489 ",44%,56%," 18,084 "," 23,187 ",14%,23,-3%,4,6.59,1," 6,296,254 ",-0.30,21,," 43,374 ",45%,54%," 19,605 "," 23,538 ",18%,16,-6%,4,6.89,1," 6,296,254 ",-0.46,26,," 46,287 ",47%,52%," 21,827 "," 24,213 ",-2%,34,0%,43,7.35,2," 6,296,254 ",7.35,2,,,,,,,,,,,,,,,,
Texas," 22,512 ",57%,7%,36%," 12,928 "," 1,500 "," 8,038 ",7%,14,-35%,16,1.09,40," 24,782,302 ",-0.30,12,," 34,429 ",49%,48%," 17,041 "," 16,617 ",-12%,49,4%,9,1.39,42," 24,782,302 ",0.03,20,," 33,800 ",46%,51%," 15,403 "," 17,290 ",13%,35,-4%,40,1.36,41," 24,782,302 ",-0.02,28,," 34,361 ",44%,53%," 14,996 "," 18,219 ",-2%,44,5%,9,1.39,41," 24,782,302 ",0.05,16,," 33,119 ",41%,57%," 13,564 "," 18,736 ",-1%,24,-2%,16,1.34,42," 24,782,302 ",-0.02,13,," 33,495 ",40%,58%," 13,406 "," 19,521 ",32%,3,-7%,10,1.35,43," 24,782,302 ",-0.09,5,," 35,741 ",42%,57%," 14,995 "," 20,267 ",23%,3,-9%,21,1.44,46," 24,782,302 ",-0.15,6,," 39,578 ",43%,55%," 17,209 "," 21,753 ",-12%,50,-16%,38,1.60,46," 24,782,302 ",-0.32,24,," 47,463 ",43%,56%," 20,422 "," 26,343 ",9%,38,-8%,9,1.92,45," 24,782,302 ",-0.15,2,," 51,111 ",45%,53%," 23,089 "," 27,066 ",12%,6,0%,44,2.06,46," 24,782,302 ",2.06,46,,,,,,,,,,,,,,,,
Utah," 6,466 ",66%,0.26%,33%," 4,294 ", 17 ," 2,153 ",-7%,40,-32%,10,2.79,7," 2,784,572 ",-0.62,32,," 9,486 ",60%,40%," 5,648 "," 3,815 ",14%,19,-1%,30,3.41,10," 2,784,572 ",-0.04,32,," 9,586 ",59%,41%," 5,634 "," 3,919 ",21%,19,-14%,51,3.44,8," 2,784,572 ",-0.52,51,," 11,033 ",59%,41%," 6,501 "," 4,511 ",-5%,46,-2%,38,3.96,5," 2,784,572 ",-0.13,46,," 11,403 ",58%,42%," 6,633 "," 4,743 ",-2%,25,-6%,27,4.10,4," 2,784,572 ",-0.19,37,," 11,927 ",60%,40%," 7,175 "," 4,722 ",0%,35,-12%,37,4.28,5," 2,784,572 ",-0.57,48,," 13,526 ",64%,36%," 8,617 "," 4,893 ",3%,38,-7%,6,4.86,4," 2,784,572 ",-0.30,24,," 14,374 ",67%,33%," 9,575 "," 4,759 ",21%,9,-10%,21,5.16,4," 2,784,572 ",-0.60,44,," 16,036 ",67%,32%," 10,813 "," 5,172 ",9%,39,-12%,21,5.76,5," 2,784,572 ",-0.77,42,," 18,177 ",66%,34%," 11,971 "," 6,113 ",-6%,46,0%,45,6.53,4," 2,784,572 ",6.53,4,,,,,,,,,,,,,,,,
Vermont, 341 ,76%,0.88%,18%, 259 , 3 , 63 ,0%,25,-39%,25,0.66,50," 621,760 ",-0.23,8,, 555 ,79%,19%, 441 , 104 ,0%,46,2%,18,0.89,50," 621,760 ",0.02,24,, 545 ,82%,16%, 449 , 89 ,-6%,50,-5%,45,0.88,50," 621,760 ",-0.01,21,, 552 ,83%,16%, 457 , 88 ,-10%,49,4%,10,0.89,50," 621,760 ",-0.01,30,, 560 ,81%,18%, 451 , 103 ,-23%,51,-13%,48,0.90,50," 621,760 ",-0.15,34,, 655 ,78%,21%, 514 , 138 ,-23%,50,-10%,27,1.05,49," 621,760 ",-0.08,4,, 704 ,76%,24%, 533 , 168 ,-12%,49,-23%,49,1.13,49," 621,760 ",-0.33,26,, 908 ,80%,20%, 725 , 178 ,-9%,47,-13%,32,1.46,48," 621,760 ",-0.17,5,," 1,015 ",80%,20%, 807 , 202 ,40%,3,-9%,14,1.63,48," 621,760 ",-0.18,4,," 1,127 ",81%,18%, 915 , 208 ,36%,1,0%,46,1.81,48," 621,760 ",1.81,48,,,,,,,,,,,,,,,,
Virginia," 14,126 ",64%,1%,34%," 9,087 ", 180 ," 4,855 ",11%,7,-39%,30,2.15,14," 7,882,590 ",-0.78,37,," 23,073 ",57%,43%," 13,140 "," 9,837 ",12%,24,3%,12,2.93,15," 7,882,590 ",0.07,9,," 22,524 ",57%,42%," 12,858 "," 9,568 ",32%,4,0%,24,2.86,17," 7,882,590 ",-0.01,20,," 22,602 ",58%,42%," 13,003 "," 9,473 ",9%,21,1%,22,2.87,19," 7,882,590 ",0.03,19,," 22,387 ",58%,42%," 12,949 "," 9,311 ",3%,11,-2%,14,2.84,19," 7,882,590 ",-0.06,19,," 22,883 ",59%,40%," 13,456 "," 9,072 ",7%,15,-4%,4,2.90,19," 7,882,590 ",-0.11,9,," 23,736 ",61%,38%," 14,458 "," 9,123 ",6%,24,-9%,17,3.01,22," 7,882,590 ",-0.27,20,," 25,893 ",63%,37%," 16,206 "," 9,532 ",15%,21,-12%,29,3.28,25," 7,882,590 ",-0.40,34,," 29,051 ",64%,35%," 18,602 "," 10,288 ",15%,30,-11%,19,3.69,25," 7,882,590 ",-0.51,30,," 33,100 ",67%,33%," 22,032 "," 10,857 ",4%,17,0%,47,4.20,26," 7,882,590 ",4.20,26,,,,,,,,,,,,,,,,
Washington," 7,200 ",78%,0.68%,21%," 5,616 ", 49 ," 1,530 ",2%,22,-41%,36,1.30,32," 6,664,195 ",-0.52,29,," 12,105 ",72%,27%," 8,696 "," 3,315 ",15%,14,-5%,42,1.82,31," 6,664,195 ",-0.11,43,," 12,845 ",72%,27%," 9,277 "," 3,500 ",31%,5,-9%,50,1.93,29," 6,664,195 ",-0.20,48,," 14,159 ",72%,27%," 10,203 "," 3,885 ",2%,41,-10%,51,2.12,28," 6,664,195 ",-0.23,51,," 15,691 ",73%,27%," 11,377 "," 4,218 ",0%,19,-12%,46,2.35,24," 6,664,195 ",-0.31,47,," 17,742 ",74%,25%," 13,210 "," 4,431 ",3%,26,-15%,42,2.66,23," 6,664,195 ",-0.45,45,," 20,736 ",78%,21%," 16,246 "," 4,362 ",5%,28,-14%,37,3.11,20," 6,664,195 ",-0.52,44,," 24,210 ",78%,21%," 18,924 "," 5,121 ",24%,6,-10%,23,3.63,19," 6,664,195 ",-0.44,36,," 27,159 ",80%,19%," 21,667 "," 5,277 ",28%,8,-13%,25,4.08,20," 6,664,195 ",-0.62,38,," 31,324 ",78%,21%," 24,295 "," 6,725 ",-2%,35,0%,48,4.70,20," 6,664,195 ",4.70,20,,,,,,,,,,,,,,,,
West Virginia," 1,948 ",89%,1.28%,10%," 1,725 ", 25 , 198 ,-2%,31,-30%,6,1.28,33," 1,819,777 ",-0.24,9,," 2,779 ",85%,13%," 2,375 ", 362 ,8%,35,-5%,41,1.53,36," 1,819,777 ",-0.10,42,," 2,965 ",85%,13%," 2,534 ", 400 ,8%,41,-7%,49,1.63,36," 1,819,777 ",-0.13,45,," 3,201 ",87%,12%," 2,774 ", 383 ,9%,22,-3%,42,1.76,33," 1,819,777 ",-0.05,41,," 3,299 ",86%,13%," 2,832 ", 424 ,-11%,41,8%,3,1.81,31," 1,819,777 ",0.13,4,," 3,071 ",86%,13%," 2,647 ", 397 ,-10%,47,-7%,9,1.69,34," 1,819,777 ",-0.13,12,," 3,308 ",86%,13%," 2,843 ", 424 ,6%,26,-5%,4,1.82,36," 1,819,777 ",-0.07,3,," 3,440 ",85%,14%," 2,928 ", 477 ,9%,33,-11%,25,1.89,38," 1,819,777 ",-0.24,14,," 3,872 ",86%,13%," 3,341 ", 499 ,30%,6,-17%,43,2.13,40," 1,819,777 ",-0.44,22,," 4,664 ",86%,13%," 4,025 ", 589 ,-12%,49,0%,49,2.56,40," 1,819,777 ",2.56,40,,,,,,,,,,,,,,,,
Wisconsin," 9,963 ",73%,0.27%,26%," 7,280 ", 27 ," 2,595 ",7%,13,-39%,33,2.11,16," 5,654,774 ",-0.78,38,," 16,364 ",69%,30%," 11,304 "," 4,971 ",11%,28,1%,20,2.89,16," 5,654,774 ",0.03,17,," 16,194 ",70%,30%," 11,338 "," 4,796 ",19%,24,-4%,39,2.86,16," 5,654,774 ",-0.10,40,," 16,772 ",70%,29%," 11,761 "," 4,932 ",5%,35,0%,26,2.97,16," 5,654,774 ",-0.01,29,," 16,838 ",70%,30%," 11,730 "," 5,038 ",1%,16,-10%,39,2.98,15," 5,654,774 ",-0.29,46,," 18,458 ",73%,27%," 13,469 "," 4,926 ",4%,24,-12%,35,3.26,11," 5,654,774 ",-0.39,42,," 20,676 ",75%,24%," 15,581 "," 5,024 ",9%,14,-8%,13,3.66,11," 5,654,774 ",-0.35,29,," 22,631 ",75%,25%," 16,984 "," 5,566 ",21%,10,-10%,19,4.00,11," 5,654,774 ",-0.42,35,," 25,015 ",76%,24%," 18,959 "," 5,925 ",16%,26,-6%,3,4.42,12," 5,654,774 ",-0.34,10,," 26,919 ",78%,21%," 21,007 "," 5,787 ",-4%,39,0%,50,4.76,17," 5,654,774 ",4.76,17,,,,,,,,,,,,,,,,
Wyoming, 568 ,92%,2%,6%, 520 , 13 , 35 ,-47%,51,-31%,7,1.25,35," 544,270 ",-0.25,10,, 820 ,88%,11%, 719 , 94 ,11%,27,-17%,51,1.51,37," 544,270 ",-0.29,51,, 976 ,88%,10%, 862 , 99 ,-14%,51,4%,11,1.79,31," 544,270 ",-0.01,24,, 983 ,89%,11%, 871 , 104 ,-11%,50,0%,29,1.81,32," 544,270 ",0.06,14,, 952 ,88%,11%, 842 , 106 ,-15%,48,10%,2,1.75,33," 544,270 ",0.21,2,, 837 ,88%,12%, 734 , 99 ,-26%,51,-9%,16,1.54,37," 544,270 ",-0.15,15,, 917 ,88%,11%, 810 , 97 ,9%,16,-21%,48,1.68,38," 544,270 ",-0.49,41,," 1,186 ",88%,11%," 1,044 ", 133 ,31%,2,-5%,9,2.18,33," 544,270 ",-0.12,3,," 1,250 ",85%,13%," 1,061 ", 168 ,-2%,51,-9%,13,2.30,36," 544,270 ",-0.21,5,," 1,362 ",82%,17%," 1,115 ", 230 ,20%,3,0%,51,2.50,41," 544,270 ",2.50,41,,,,,,,,,,,,,,,,
Total States and DC ," 455,860 ",70%,1%,29%," 317,186 "," 6,667 "," 131,322 ",1%,,-39%,,1.78,," 307,006,550 ",-0.66,,," 749,790 ",61%,37%," 464,758 "," 277,981 ",11%,,1%,,2.44,," 307,006,550 ",0.01,,," 747,540 ",61%,37%," 459,334 "," 281,263 ",17%,,-1%,,2.43,," 307,006,550 ",-0.04,,," 759,133 ",61%,37%," 467,628 "," 284,255 ",8%,,0%,,2.47,," 307,006,550 ",-0.01,,," 761,841 ",61%,37%," 469,996 "," 284,886 ",-2%,,-6%,,2.48,," 307,006,550 ",-0.15,,," 808,961 ",63%,35%," 512,453 "," 289,568 ",5%,,-11%,,2.63,," 307,006,550 ",-0.30,,," 899,637 ",66%,33%," 595,298 "," 297,334 ",8%,,-12%,,2.93,," 307,006,550 ",-0.40,,," 1,021,547 ",68%,30%," 697,594 "," 315,115 ",11%,,-13%,,3.33,," 307,006,550 ",-0.50,,," 1,175,836 ",69%,30%," 812,335 "," 353,039 ",16%,,-14%,,3.83,," 307,006,550 ",-0.63,,," 1,369,041 ",70%,28%," 962,070 "," 395,068 ",1%,,0%,,4.46,," 307,006,550 ",0.00,,,,,,,,,,,,,,,,,
test,,,,,,,,,,,,,,,,,,,,,,,,,,,,,,,,,,,,,,,,,,,,,,,,,,,,,,,,,,,,,,,,,,,,,,,,,,,,,,,,,,,,,,,,,,,,,,,,,,,,,,,,,,,,,,,,,,,,,,,,,,,,,,,,,,,,,,,,,,,,,,,,,,,,,,,,,,,,,,,,,,,,,,,
Guam, 64 ,86%,0%,14%, 55 , -   , 9 ,200%,,-60%,,,,,,,, 160 ,80%,19%, 128 , 31 ,46%,,15%,,,,,,,, 153 ,81%,18%, 125 , 28 ,325%,,10%,,,,,,,, 128 ,75%,24%, 97 , 31 ,-33%,,-14%,,,,,,,, 160 ,78%,20%, 125 , 33 ,-58%,,6%,,,,,,,, 138 ,81%,18%, 112 , 26 ,-52%,,5%,,,,,,,, 128 ,78%,21%, 101 , 27 ,120%,,-8%,,,,,,,, 155 ,76%,21%, 119 , 34 ,-48%,,-12%,,,,,,,, 171 ,81%,16%, 140 , 29 ,-27%,,14%,,,,,,,, 138 ,76%,23%, 105 , 33 ,8%,,0%,,,,,,,,,,,,,,,,,,,,,,
Puerto Rico," 4,341 ",45%,0.60%,55%," 1,935 ", 26 ," 2,376 ",-6%,,-43%,,,,,,,," 7,677 ",37%,61%," 2,875 "," 4,699 ",21%,,0%,,,,,,,," 7,701 ",42%,55%," 3,263 "," 4,307 ",4%,,-4%,,,,,,,," 7,611 ",42%,56%," 3,199 "," 4,275 ",-22%,,-24%,,,,,,,," 10,227 ",41%,55%," 4,239 "," 5,720 ",-4%,,2%,,,,,,,," 10,472 ",42%,55%," 4,478 "," 5,787 ",-1%,,-5%,,,,,,,," 10,721 ",38%,59%," 4,079 "," 6,428 ",6%,,-1%,,,,,,,," 11,045 ",35%,62%," 3,934 "," 6,882 ",17%,,4%,,,,,,,," 10,362 ",35%,62%," 3,657 "," 6,472 ",24%,,-7%,,,,,,,," 11,268 ",34%,62%," 3,913 "," 7,093 ",-2%,,0%,,,,,,,,,,,,,,,,,,,,,,
Virgin Islands, 4 ,100%,0%,0%, 4 , -   , -   ,-100%,,-43%,,,,,,,, 7 ,71%,14%, 5 , 1 ,0%,,-57%,,,,,,,, 9 ,66%,22%, 6 , 2 ,0%,,-30%,,,,,,,, 10 ,30%,40%, 3 , 4 ,0%,,-44%,,,,,,,, 20 ,70%,25%, 14 , 5 ,0%,,6%,,,,,,,, 23 ,60%,30%, 14 , 7 ,100%,,0%,,,,,,,, 21 ,61%,38%, 13 , 8 ,0%,,-15%,,,,,,,, 26 ,84%,15%, 22 , 4 ,0%,,-29%,,,,,,,, 28 ,60%,17%, 17 , 5 ,100%,,27%,,,,,,,, 30 ,80%,13%, 24 , 4 ,0%,,0%,,,,,,,,,,,,,,,,,,,,,,
TOTAL," 460,269 ",69%,1%,29%," 319,180 "," 6,693 "," 133,707 ",1%,,-39%,,,,,,,," 757,634 ",61%,37%," 467,766 "," 282,712 ",11%,,1%,,,,,,,," 755,403 ",61%,37%," 462,728 "," 285,600 ",17%,,-1%,,,,,,,," 766,882 ",61%,37%," 470,927 "," 288,565 ",8%,,0%,,,,,,,," 772,248 ",61%,37%," 474,374 "," 290,644 ",-2%,,-6%,,,,,,,," 819,594 ",63%,36%," 517,057 "," 295,388 ",5%,,-11%,,,,,,,," 910,507 ",65%,33%," 599,491 "," 303,797 ",8%,,-12%,,,,,,,," 1,032,773 ",67%,31%," 701,669 "," 322,035 ",11%,,-13%,,,,,,,," 1,186,397 ",68%,30%," 816,149 "," 359,545 ",16%,,-14%,,,,,,,," 1,380,477 ",69%,29%," 966,112 "," 402,198 ",1%,,0%,,,,,,,,,,,,,,,,,,,,,,
"All Data  Copyright 2020 Epiq Systems, Inc.  All Rights Reserved.",,,,,,,,,,,,,,,,,,,,,,,,,,,,,,,,,,,,,,,,,,,,,,,,,,,,,,,,,,,,,,,,,,,,,,,,,,,,,,,,,,,,,,,,,,,,,,,,,,,,,,,,,,,,,,,,,,,,,,,,,,,,,,,,,,,,,,,,,,,,,,,,,,,,,,,,,,,,,,,,,,,,,,,
*Cases included in totals reference commercial business as part of bankruptcy petition filing*,,,,,,,,,,,,,,,,,,,,,,,,,,,,,,,,,,,,,,,,,,,,,,,,,,,,,,,,,,,,,,,,,,,,,,,,,,,,,,,,,,,,,,,,,,,,,,,,,,,,,,,,,,,,,,,,,,,,,,,,,,,,,,,,,,,,,,,,,,,,,,,,,,,,,,,,,,,,,,,,,,,,,,,
